name,rating,country,category,price,abv,age,brand,time_data
Canadian Hunter Canadian Whisky,40,Canada,Blended,9,40,,Canadian Hunter,01-01-1995 00:00:00
Canadian LTD Blended Canadian Whiskey,43,Canada,Blended,10,,,Canadian LTD,01-01-1995 00:00:00
Kellan Irish Whiskey,47,Ireland,Blended,20,40,,Kellan,01-01-1995 00:00:00
Rich & Rare Canadian Whisky,47,Canada,Blended,10,,,Rich & Rare,01-01-1995 00:00:00
Canadian Mist Blended Canadian Whisky,48,Canada,Blended,12,40,,Canadian Mist,01-01-1995 00:00:00
Slane Castle Irish Whiskey,50,Ireland,Blended,25,,,Slane Castle,01-01-1995 00:00:00
Canadian Club 6 Year Old Canadian Whisky,53,Canada,Blended,12,40,6,Canadian Club,01-01-1995 00:00:00
Origine Irish Whiskey,54,Ireland,Blended,17,,,Origine,01-01-1995 00:00:00
Jack Daniel's No. 7 Whiskey,54,USA,Blended,20,40,7,Jack Daniel's,01-01-1995 00:00:00
Ellington Canadian Whisky,54,Canada,Blended,11,,,Ellington,01-01-1995 00:00:00
Canadian Club Reserve Canadian Whisky,56,Canada,Blended,16,,10,Canadian Club,01-01-1995 00:00:00
Pendleton Blended Canadian Whisky,56,Canada,Blended,26,40,,Hood River,01-01-1995 00:00:00
Jim Beam Straight Rye Whiskey,57,USA,Rye,15,51,4,Jim Beam,01-01-1995 00:00:00
Catoctin Creek Organic Roundstone Rye Whisky,57,USA,Rye,38,40,,Catoctin Creek,01-01-1995 00:00:00
Johnnie Walker Red Label Whisky,58,Scotland,Blended,30,40,,Johnnie Walker,01-01-1995 00:00:00
Danfield's Private Reserve Small Batch Canaidan Whiskey,60,Canada,Blended,25,,,Danfield,01-01-1995 00:00:00
Wiser's Small Batch Canadian Whisky,60,Canada,Rye,29,43,,Wiser's,01-01-1995 00:00:00
8 Seconds Canadian Whiskey,64,Canada,Blended,30,40,,8 Seconds,01-01-1995 00:00:00
Feckin Irish Whiskey,64,Ireland,Blended,20,40,,Feckin,01-01-1995 00:00:00
Bushmills Original Irish Whiskey,65,Ireland,Blended,24,40,,Bushmills,01-01-1995 00:00:00
Jameson Irish Whiskey,65,Ireland,Blended,25,40,,Jameson,01-01-1995 00:00:00
Templeton Rye Whiskey,67,USA,Rye,35,40,4,Templeton,01-01-1995 00:00:00
Dalwhinnie 15 Year Old Single Malt Scotch,67,Scotland,Highlands,50,43,15,Dalwhinnie,01-01-1995 00:00:00
Forty Creek John K. Hall Small Batch Reserve Whisky,67,Canada,Blended,60,40,,Forty Creek,01-01-1995 00:00:00
Wiser's 18 Year Old Canadian Whisky,67,Canada,Blended,65,40,18,Wiser's,01-01-1995 00:00:00
Black Velvet Reserve Canadian Whiskey,67,Canada,Blended,14,40,8,Black Velvet,01-01-1995 00:00:00
Crown Royal Canadian Whisky,68,Canada,Blended,25,40,,Crown Royal,01-01-1995 00:00:00
Benchmark Old No. 8 Kentucky Straight Bourbon Whiskey,68,USA,Bourbon,12,40,,Benchmark,01-01-1995 00:00:00
Forty Creek Barrel Select Canadian Whiskey,69,Canada,Blended,23,40,,Forty Creek,01-01-1995 00:00:00
Canadian Club Classic 12 Canadian Whisky,69,Canada,Blended,23,40,12,Canadian Club,01-01-1995 00:00:00
Jim Beam Kentucky Straight Bourbon Whiskey,69,USA,Bourbon,15,40,4,Jim Beam,01-01-1995 00:00:00
Sazerac Kentucky Straight Rye Whiskey,69,USA,Rye,27,45,6,Sazerac,01-01-1995 00:00:00
Famous Grouse Blended Scotch Whisky,69,Scotland,Blended,20,40,,Famous Grouse,01-01-1995 00:00:00
Johnnie Walker Black Label Scotch Whisky,70,Scotland,Blended,45,43,12,Johnnie Walker,01-01-1995 00:00:00
Tullamore Dew Irish Whiskey,70,Ireland,Blended,26,40,,Tullamore,01-01-1995 00:00:00
Canadian Club Sherry Cask Canadian Whisky,71,Canada,Blended,27,40,8,Canadian Club,01-01-1995 00:00:00
Greenore 8 Year Old Single Grain Irish Whiskey,71,Ireland,Grain,50,43,8,Greenore,01-01-1995 00:00:00
Ardmore Traditional Cask Highland Single Malt Scotch Whisky,72,Scotland,Speyside,48,46,30,Ardmore,01-01-1995 00:00:00
Jameson 18 Year Old Limited Reserve Irish Whiskey,73,Ireland,Blended,84,40,18,Jameson,01-01-1995 00:00:00
Connemara 12 Year Old Peated Single Malt Irish Whiskey,73,Ireland,Single Malt,90,40,12,Connemara,01-01-1995 00:00:00
Bushmills 1608 Irish Whiskey Limited Edition,74,Ireland,Blended,90,46,,Bushmills,01-01-1995 00:00:00
Michael Collins Single Malt Irish Whiskey,74,Ireland,Single Malt,40,40,10,Wiser's,01-01-1995 00:00:00
Wiser's Legacy Canadian Whisky,74,Canada,Blended,50,45,,Wiser's,01-01-1995 00:00:00
Whyte & Mackay Old Luxury 19 Year Old Aged Blended Scotch Whisky,74,Scotland,Blended,58,40,19,Whyte & Mackay,01-01-1995 00:00:00
Glen Breton Rare 10 Year Old Single Malt Canadian Whisky,75,Canada,Single Malt,85,43,10,Glen Breton,01-01-1995 00:00:00
Wasmund's Copper Fox Rye Whisky,76,USA,Rye,46,45,1,Copper Fox,01-01-1995 00:00:00
Baker's Kentucky Straight Bourbon Whiskey,76,USA,Bourbon,38,53,7,Jim Beam,01-01-1995 00:00:00
Amrut Indian Single Malt Whisky,76,India,Single Malt,36,46,,Amrut,01-01-1995 00:00:00
Amrut Peated Indian Single Malt Whisky,76,India,Single Malt,70,46,,Amrut,01-01-1995 00:00:00
Early Times 354 Bourbon,76,USA,Bourbon,16,40,,Early Times,01-01-1995 00:00:00
Johnnie Walker Green Label Scotch Whisky,76,Scotland,Blended,45,40,15,Johnnie Walker,01-01-1995 00:00:00
Glen Breton Battle of the Glen 15 Year Old Single Malt Canadian Whisky,77,Canada,Single Malt,,43,15,Glenora,01-01-1995 00:00:00
Michael Collins Blended Irish Whiskey,77,Ireland,Blended,28,40,12,Michael Collins,01-01-1995 00:00:00
Penderyn Single Malt Welsh Whisky,77,England,Single Malt,70,46,,Penderyn,01-01-1995 00:00:00
Balvenie Madeira Cask 17 Year Old Single Malt Scotch Whisky,77,Scotland,Speyside,179,43,17,Balvenie,01-01-1995 00:00:00
Wild Turkey Bourbon 101,77,USA,Bourbon,20,50,8,Wild Turkey,01-01-1995 00:00:00
Sazerac 18 Year Old Kentucky Straight Rye Whiskey,78,USA,Rye,75,45,18,Sazerac,01-01-1995 00:00:00
Grant's Family Reserve Blended Scotch Whisky,78,Scotland,Blended,17,40,,William Grant & Sons,01-01-1995 00:00:00
Johnnie Walker Gold Label Blended Scotch Whisky,78,Scotland,Blended,73,40,18,Johnnie Walker,01-01-1995 00:00:00
Connemara Cask Strength Peated Single Malt Irish Whiskey,78,Ireland,Single Malt,65,58,,Connemara,01-01-1995 00:00:00
Bushmills Black Bush Irish Whiskey,79,Ireland,Blended,32,40,11,Bushmills,01-01-1995 00:00:00
Hudson Manhattan Rye,79,USA,Rye,41,46,,Hudson,01-01-1995 00:00:00
George Dickel Barrel Select Tennessee Whiskey,79,USA,Corn,26,43,12,George Dickel,01-01-1995 00:00:00
Royal Canadian Small Batch Canadian Whisky,79,Canada,Blended,27,40,,Royal Canadian,01-01-1995 00:00:00
Canadian Mist Black Diamond Canadian Whiskey,80,Canada,Rye,16,43,,Canadian Mist,01-01-1995 00:00:00
Isle of Jura 16 Year Old Single Malt Scotch Whisky,80,Scotland,Islands,63,43,16,Isle of Jura,01-01-1995 00:00:00
Evan Williams 1999 Vintage Bourbon Whiskey,80,USA,Bourbon,25,43,12,Evan Williams,01-01-1995 00:00:00
Booker's True Barrel Bourbon,80,USA,Bourbon,60,62,7,Booker's,01-01-1995 00:00:00
Amrut Peated Indian Single Malt Whiskey Cask Strength,80,India,Single Malt,85,62.8,,Amrut,01-01-1995 00:00:00
Basil Hayden's 8 Year Old Bourbon Whiskey,80,USA,Bourbon,36,40,8,Basil Hayden,01-01-1995 00:00:00
Four Roses Yellow Label Straight Bourbon,81,USA,Bourbon,20,40,,Four Roses,01-01-1995 00:00:00
Hudson Single Malt Whiskey,81,USA,Single Malt,43,46,,Hudson,01-01-1995 00:00:00
Balblair 1997 Highland Single Malt Scotch Whisky,81,Scotland,Highlands,58,43,,Balblair,01-01-1995 00:00:00
Barton Irish Whiskey,81,Ireland,Blended,20,40,,Barton,01-01-1995 00:00:00
Corsair Pumpkin Spice Moonshine,81,USA,Flavored,35,42.5,,Corsair,01-01-1995 00:00:00
Kavalan Solist Ex-Bourbon Single Malt Whisky,81,Taiwan,Single Malt,100,58.2,,Kavalan,01-01-1995 00:00:00
Mickey Finn Irish Whiskey,81,Ireland,Flavored,25,40,,Mickey Finn,01-01-1995 00:00:00
P & M Blended Whisky,81,France,Blended,40,40,,P & M,01-01-1995 00:00:00
P & M Single Malt Whisky,81,France,Single Malt,60,42,,P & M,01-01-1995 00:00:00
Prince Edward Canadian Rye,81,Canada,Rye,55,41,,Price Edward,01-01-1995 00:00:00
Jim Beam Red Stag Black Cherry Flavored Whiskey,81,USA,Flavored,18,40,4,Jim Beam,01-01-1995 00:00:00
Seagram's 7 Crown Dark Honey Whiskey,81,USA,Flavored,17,35.5,7,Seagram's,01-01-1995 00:00:00
Tullamore Dew 10 Year Old Single Malt Irish Whiskey,81,Ireland,Single Malt,69,40,10,Tullamore,01-01-1995 00:00:00
Wolfhound Irish Whiskey,81,Ireland,Blended,25,40,,Wolfhound,01-01-1995 00:00:00
Wild Turkey 81 Bourbon Whiskey,81,USA,Bourbon,17,41,8,Wild Turkey,01-01-1995 00:00:00
The Irishman Single Malt Whiskey,81,Ireland,Single Malt,50,40,10,The Irishman,01-01-1995 00:00:00
Collingwood Hand-Crafted Blended Canadian Whisky,81,Canada,Blended,28,40,,Collingwood,01-01-1995 00:00:00
Old Forester Straight Bourbon 86 Proof,81,USA,Bourbon,19,43,4,Old Forester,01-01-1995 00:00:00
Buffalo Trace White Dog Mash #1 Corn Whiskey,82,USA,Corn,16,62.5,,Buffalo Trace,01-01-1995 00:00:00
Kavalan Concert Master Single Malt Whiskey,82,Taiwan,Single Malt,50,40,,Kavalan,01-01-1995 00:00:00
Kavalan Single Malt Whiskey,82,Taiwan,Single Malt,70,40,,Kavalan,01-01-1995 00:00:00
Old Parr Superior 18 Year Old Blended Scotch Whisky,82,Scotland,Blended,100,43,18,Old Parr,01-01-1995 00:00:00
Charter 101 Kentucky Straight Bourbon Whiskey,82,USA,Bourbon,19,50,,Charter,01-01-1995 00:00:00
George Dickel Tennessee Whisky #8,82,USA,Corn,17,40,,George Dickel,01-01-1995 00:00:00
High West Rocky Mountain Rye 21 Year Old Whiskey,82,USA,Rye,133,53,21,High West,01-01-1995 00:00:00
Glenrothes 1985 Single Malt Scotch Whisky,82,Scotland,Speyside,100,43,19,Glenrothes,01-01-1995 00:00:00
1972 Ridgemont Reserve Kentucky Straight Bourbon Whiskey,83,USA,Bourbon,28,46,,Ridgemont Reserve,01-01-1995 00:00:00
Tyrconnell Single Malt Irish Whiskey,83,Ireland,Single Malt,33,,,Tyrconnell,01-01-1995 00:00:00
Dalmore 1263 King Alexander the Third Single Highland Malt Scotch,83,Scotland,Highlands,246,40,,Dalmore,01-01-1995 00:00:00
Hudson Four Grain Bourbon,83,USA,Bourbon,42,46,,Hudson,01-01-1995 00:00:00
Forty Creek Port Wood Reserve Whiskey,83,Canada,Blended,70,45,,Forty Creek,01-01-1995 00:00:00
Maker's Mark Bourbon 46,83,USA,Bourbon,35,47,,Maker's Mark,01-01-1995 00:00:00
Oban 14 Year Old Single Malt Scotch,83,Scotland,Highlands,65,43,14,Oban,01-01-1995 00:00:00
Laphroaig 10 Year Old Cast Strength Islay Single Malt Scotch Whisky,83,Scotland,Islay,60,43,10,Laphroaig,01-01-1995 00:00:00
Powers Gold Label Irish Whiskey,84,Ireland,Blended,25,40,12,Powers,01-01-1995 00:00:00
Laphroaig 10 Year Old Single Malt Scotch Whisky,84,Scotland,Islay,47,40,10,Laphroaig,01-01-1995 00:00:00
Johnnie Walker Blue Label Scotch Whisky,84,Scotland,Blended,199,40,12,Johnnie Walker,01-01-1995 00:00:00
Kilbeggan 15 Year Old Finest Irish Whiskey,84,Ireland,Blended,100,40,15,Kilbeggan,01-01-1995 00:00:00
Tullamore Dew 12 Year Old Irish Special Reserve Whiskey,84,Ireland,Blended,43,40,12,Tullamore,01-01-1995 00:00:00
Balvenie Portwood 21 Year Old Single Malt Scotch Whisky,84,Scotland,Speyside,160,43,21,Balvenie,01-01-1995 00:00:00
High West Double Rye Whiskey,85,USA,Rye,34,46,,High West,01-01-1995 00:00:00
Lagavulin 16 Scotch,85,Scotland,Islay,68,43,16,Lagavulin,01-01-1995 00:00:00
Auchentoshan 18-Year Old Single Malt Scotch Whisky,85,Scotland,Lowlands,98,54.7,18,Auchentoshan,01-01-1995 00:00:00
Amrut Fusion Single Malt Whisky,85,India,Single Malt,65,50,,Amrut,01-01-1995 00:00:00
Black Maple Hill 23 Year Old Limited Edition Kentucky Straight Rye Whiskey,85,USA,Rye,100,47.5,23,Black Maple Hill,01-01-1995 00:00:00
Bushmills 10 Year Old Single Malt Irish Whiskey,85,Ireland,Single Malt,39,40,10,Bushmills,01-01-1995 00:00:00
Springbank 15 Year Old Campbeltown Single Malt Scotch Whisky,85,Scotland,Campbeltown,95,46,15,Springbank,01-01-1995 00:00:00
Cedar Ridge Distillery Iowa Bourbon Whiskey,85,USA,Bourbon,36,40,,Cedar Ridge,01-01-1995 00:00:00
Jameson Irish Whiskey Gold Reserve,86,Ireland,Blended,61,40,,Jameson,01-01-1995 00:00:00
John L. Sullivan Irish Whiskey,86,Ireland,Blended,24,40,,John L. Sullivan,01-01-1995 00:00:00
Tullamore Dew 10 Year Old Irish Reserve Whiskey,86,Ireland,Blended,,40,10,Tullamore,01-01-1995 00:00:00
Caol Ila 12 Year Old Single Malt Scotch,86,Scotland,Islay,43,43,12,Caol Ila,01-01-1995 00:00:00
Yamazaki Single Malt 12-Year Whisky,86,Japan,Single Malt,43,43,12,Yamazaki,01-01-1995 00:00:00
Jim Beam Black Bourbon,86,USA,Bourbon,20,43,8,Jim Beam,01-01-1995 00:00:00
Buffalo Trace Kentucky Straight Bourbon Whiskey,86,USA,Bourbon,24,45,,Buffalo Trace,01-01-1995 00:00:00
Old Parr 12 Year Old Blended Scotch,86,Scotland,Blended,40,40,12,Old Parr,01-01-1995 00:00:00
Balvenie 15 Year Old Single Barrel Single Malt Scotch,86,Scotland,Speyside,49,47.8,15,Balvenie,01-01-1995 00:00:00
George Dickel Tennessee Whiskey #12,87,USA,Corn,20,45,,George Dickel,01-01-1995 00:00:00
Jameson 12 Year Old Irish Whiskey,87,Ireland,Blended,50,40,12,Jameson,01-01-1995 00:00:00
Elmer T Lee Bourbon Whiskey,87,USA,Bourbon,30,45,23,Elmer T Lee,01-01-1995 00:00:00
Tyrconnell 10 Year Old Single Malt Sherry Cask Finish Irish Whiskey,87,Ireland,Single Malt,60,,10,Tyrconnell,01-01-1995 00:00:00
Ledaig 10 Year Old Single Malt Scotch,87,Scotland,Highlands,50,43,10,Ledaig,01-01-1995 00:00:00
Blanton's Single Barrel Bourbon,87,USA,Bourbon,49,47,,Blanton,01-01-1995 00:00:00
Four Roses Single Barrel Kentucky Straight Bourbon,87,USA,Bourbon,53,50,10,Four Roses,01-01-1995 00:00:00
Bowman Brothers Virginia Straight Bourbon Whiskey,87,USA,Bourbon,40,45,,Bowman,01-01-1995 00:00:00
Russell's Reserve 6 Year Old Straight Rye Whiskey,88,USA,Rye,27,45,6,Russell's,01-01-1995 00:00:00
Balcones True Blue Cask Strength Corn Whiskey,88,USA,Corn,59,63,,Balcones,01-01-1995 00:00:00
Connemara Turf Mor Irish Whiskey,88,Ireland,Single Malt,75,58,,Connemara,01-01-1995 00:00:00
Downslope Double Diamond Whiskey,88,USA,Blended,32,40,,Downslope,01-01-1995 00:00:00
Forty Creek Double Barrel Canadian Whiskey,88,Canada,Blended,60,40,,Forty Creek,01-01-1995 00:00:00
Greenore 15 Year Old Single Malt Irish Whiskey,88,Ireland,Single Malt,100,43,15,Greenore,01-01-1995 00:00:00
Hudson New York Corn Whiskey,88,USA,Corn,35,40,,Hudson,01-01-1995 00:00:00
Kansas Spirit Whiskey,88,USA,Unaged,30,40,0,Kansas Spirit,01-01-1995 00:00:00
Kavalan Solist Fino Cast Strength Single Malt Whiskey,88,Taiwan,Single Malt,220,58.3,,Kavalan,01-01-1995 00:00:00
Kavalan Solist Sherry Single Malt Whisky,88,Taiwan,Single Malt,117,58.7,,Kavalan,01-01-1995 00:00:00
Leopold Bros. Maryland Style Rye Whiskey,88,USA,Rye,48,43,,Leopold Bros.,01-01-1995 00:00:00
Original Moonshine Corn Whiskey,88,USA,Corn,40,40,,Stillhouse,01-01-1995 00:00:00
OYO Soft Red Winter Wheat Whiskey Single Barrel,88,USA,Grain,45,46,,Middle West,01-01-1995 00:00:00
Pescadores Pumpkin Whisky,88,Taiwan,Flavored,25,42,,Pescadores,01-01-1995 00:00:00
Rogue Oregon Single Malt Whiskey,88,USA,Single Malt,48,40,,Rogue,01-01-1995 00:00:00
Smooth Ambler Exceptional White Whisky,88,USA,Unaged,28,50,0,Smooth Ambler,01-01-1995 00:00:00
Highland Park 12 Year Old Orkneys Single Malt Whisky,88,Scotland,Islands,40,40,12,Highland Park,01-01-1995 00:00:00
Macallan 30 Year Old Fine Oak Speyside Single Malt Whisky,88,Scotland,Speyside,850,43,30,Macallan,01-01-1995 00:00:00
Longrow CV Campbeltown Single Malt Whisky,88,Scotland,Campbeltown,61,46,,Longrow,01-01-1995 00:00:00
Knob Creek 9 Year Old Single Barrel Reserve Bourbon Whiskey,88,USA,Bourbon,37,60,9,Knob creek,01-01-1995 00:00:00
Breckenridge Bourbon Whiskey,88,USA,Bourbon,39,43,2,Breckenridge,01-01-1995 00:00:00
Garrison Brothers Texas Straight Bourbon Whiskey,88,USA,Bourbon,75,47,,Garrison Brothers,01-01-1995 00:00:00
Old Forester Signature Kentucky Straight Bourbon Whiskey,88,USA,Bourbon,21,50,,Old Forester,01-01-1995 00:00:00
Balvenie Signature 12 Year Old Single Malt Scotch,88,Scotland,Speyside,53,43,12,Balvenie,01-01-1995 00:00:00
Balvenie 17 Year Old Single Malt Scotch,88,Scotland,Speyside,128,43,17,Balvenie,01-01-1995 00:00:00
Bulleit Bourbon Frontier Whiskey,88,USA,Bourbon,27,45,,Bulleit,01-01-1995 00:00:00
Woodford Reserve Distiller's Select Bourbon,88,USA,Bourbon,34,45,,Woodford Reserve,01-01-1995 00:00:00
Old Forester 12 Year Old Birthday Bourbon Whiskey,88,USA,Bourbon,50,47,12,Old Forester,01-01-1995 00:00:00
Wild Turkey Bourbon Tradition 15 year,88,USA,Bourbon,125,50,15,Wild Turkey,01-01-1995 00:00:00
Aberlour 16 Year Old Single Malt Scotch,89,Scotland,Speyside,65,43,16,Aberlour,01-01-1995 00:00:00
The Singleton of Glendullan 12 Year Old Single Malt Scotch,89,Scotland,Speyside,35,40,12,Glendullan,01-01-1995 00:00:00
Whyte & Mackay Original 40 Year Old Aged Blended Scotch Whisky,89,Scotland,Blended,2,,40,Whyte & Mackay,01-01-1995 00:00:00
Dalmore 1974 Single Highland Malt Scotch Whisky,89,Scotland,Highlands,250,42,,Dalmore,01-01-1995 00:00:00
Chivas Regal 25 Year Old Scotch,89,Scotland,Blended,260,40,25,Chivas Regal,01-01-1995 00:00:00
Jefferson's Select 18 Year Old Bourbon Whiskey,89,USA,Bourbon,90,47,18,Jefferson,01-01-1995 00:00:00
Glenlivet XXV Single Malt Scotch Whisky,89,Scotland,Speyside,305,43,25,Glenlivet,01-01-1995 00:00:00
Jameson Rarest Reserve Whiskey,90,Ireland,Blended,256,46,18,Jameson,01-01-1995 00:00:00
Highland Park 25-Year-Old Orkney Islands Single Malt Whisky,90,Scotland,Islands,240,48.1,25,Highland Park,01-01-1995 00:00:00
Buchanan's Red Seal Blended Scotch,90,Scotland,Blended,140,40,,Buchanan,01-01-1995 00:00:00
Aberlour A'Bunadh Batch 21 Scotch,90,Scotland,Speyside,63,59.5,21,Aberlour,01-01-1995 00:00:00
Glenfiddich 18 Year Old Single Malt Scotch,90,Scotland,Speyside,79,43,18,Glenfiddich,01-01-1995 00:00:00
Macallan 15 Year Old Fine Oak Scotch,90,Scotland,Speyside,70,43,15,Macallan,01-01-1995 00:00:00
Suntory Hakushu 12 Year Old Single Malt Whiskey,90,Japan,Single Malt,45,43,12,Suntory,01-01-1995 00:00:00
Wild Turkey Rare Breed Bourbon,90,USA,Bourbon,37,54.1,,Wild Turkey,01-01-1995 00:00:00
Glenlivet 18 Year Old Single Malt Scotch Whisky,90,Scotland,Speyside,70,43,18,Glenlivet,01-01-1995 00:00:00
Glenfiddich 15 Year Old Single Malt Scotch,90,Scotland,Speyside,55,40,15,Glenfiddich,01-01-1995 00:00:00
Jefferson's Presidential Select,90,USA,Bourbon,90,47,17,Jefferson,01-01-1995 00:00:00
Speyburn 10 Year Old Single Malt Scotch,90,Scotland,Speyside,29,43,10,Speyburn,01-01-1995 00:00:00
Bushmills 16 Year Old Single Malt Irish Whiskey,91,Ireland,Single Malt,64,40,16,Bushmills,01-01-1995 00:00:00
Midleton Very Rare Irish Whiskey,91,Ireland,Blended,132,40,25,Midleton,01-01-1995 00:00:00
Isle of Jura Prophecy Scotch,91,Scotland,Islands,75,46,,Isle of Jura,01-01-1995 00:00:00
Glenrothes 1975 Single Malt Scotch,91,Scotland,Speyside,400,43,31,Glenrothes,01-01-1995 00:00:00
Bushmills 21 Year Old Single Malt Irish Whiskey,91,Ireland,Single Malt,120,40,21,Bushmills,01-01-1995 00:00:00
Amrut Indian Single Malt Whisky Cask Strength,91,India,Single Malt,50,61.8,,Amrut,01-01-1995 00:00:00
Redbreast 15 Year Old Irish Whiskey,92,Ireland,Pure Pot Still,67,46,15,Redbreast,01-01-1995 00:00:00
Old Pulteney 17 Year Old Single Malt Scotch,92,Scotland,Highlands,94,46,17,Old Pulteney,01-01-1995 00:00:00
Forty Creek Confederation Oak Canadian Whiskey,92,Canada,Blended,70,40,,Forty Creek,01-01-1995 00:00:00
Old Pulteney 12 Year Old Single Malt Scotch,92,Scotland,Highlands,40,40,12,Old Pulteney,01-01-1995 00:00:00
Deanston 12 Year Old Single Malt Scotch,92,Scotland,Highlands,47,46.3,12,Deanston,01-01-1995 00:00:00
Glenlivet 15 Year Old Single Malt Scotch,92,Scotland,Speyside,45,40,15,Glenlivet,01-01-1995 00:00:00
Eagle Rare 17 Year Old Single Barrel Kentucky Straight Bourbon,92,USA,Bourbon,57,45,17,Eagle,01-01-1995 00:00:00
Balblair Single Malt Scotch,92,Scotland,Highlands,109,43,17,Balblair,01-01-1995 00:00:00
Laphroaig Quarter Cask Single Malt Scotch,92,Scotland,Islay,47,48,,Laphroaig,01-01-1995 00:00:00
Michael Collins 10 Year Old Single Malt Irish Whiskey,93,Ireland,Single Malt,39,40,10,Michael Collins,01-01-1995 00:00:00
Glenfiddich 21 Year Old Single Malt Scotch,93,Scotland,Speyside,133,40,21,Glenfiddich,01-01-1995 00:00:00
Wild Turkey Russel's Reserve Bourbon,93,USA,Bourbon,35,45,10,Wild Turkey,01-01-1995 00:00:00
Four Roses Small Batch Kentucky Straight Bourbon Whiskey,93,USA,Bourbon,32,45,,Four Roses,01-01-1995 00:00:00
Tobermory 15 Year Old Single Malt Scotch,94,Scotland,Islands,108,46.3,15,Tobermory,01-01-1995 00:00:00
Glenmorangie 18 Year Old Single Malt Scotch,94,Scotland,Highlands,107,43,18,Glenmorangie,01-01-1995 00:00:00
Ancnoc 16 Year Old Single Malt Scotch,94,Scotland,Highlands,60,46,16,Ancnoc,01-01-1995 00:00:00
Pappy Van Winkle 20 year old Family Reserve Kentucky Straight Bourbon Whiskey,94,USA,Bourbon,93,45.2,20,Pappy Van Winkle,01-01-1995 00:00:00
Black Maple Hill 21 Cask 7 Bourbon,94,USA,Bourbon,95,40,21,Black Maple Hill,01-01-1995 00:00:00
Abraham Bowman Rye Whiskey,94,USA,Rye,70,68.2,9,Abraham Bowman,01-01-1995 00:00:00
Isle of Jura 21 Year Old Single Malt Scotch,94,Scotland,Islands,140,44,21,Isle of Jura,01-01-1995 00:00:00
Royal Salute 21 Year Old Scotch,94,Scotland,Speyside,175,40,21,Royal Salute,01-01-1995 00:00:00
Ardbeg Airigh Nam Beist Scotch,94,Scotland,Islay,115,46,16,Ardbeg,01-01-1995 00:00:00
Aberfeldy 21 Year Old Single Malt Scotch,94,Scotland,Highlands,150,40,21,Aberfeldy,01-01-1995 00:00:00
Talisker 1992 Single Malt Scotch,94,Scotland,Islands,68,45.82,12,Talisker,01-01-1995 00:00:00
Highland Park 18 Scotch,94,Scotland,Islands,80,43,18,Highland Park,01-01-1995 00:00:00
Bowmore 25 Year Old Scotch,94,Scotland,Islay,190,43,25,Bowmore,01-01-1995 00:00:00
Bowmore 12 Year Old Single Malt Scotch,94,Scotland,Islay,45,43,12,Bowmore,01-01-1995 00:00:00
Wild Turkey Kentucky Spirit Bourbon,94,USA,Bourbon,42,50.5,,Wild Turkey,01-01-1995 00:00:00
Old Pulteney 21 Year Old Single Malt Scotch Whisky,95,Scotland,Highlands,120,46,21,Old Pulteney,01-01-1995 00:00:00
Glen Grant 10 Year Old Single Malt Scotch,95,Scotland,Speyside,47,40,10,Glen Grant,01-01-1995 00:00:00
Glenmorangie 12 Year Old Single Malt Scotch,95,Scotland,Highlands,55,46,12,Glenmorangie,01-01-1995 00:00:00
Macallan 21 Year Old Fine Oak Scotch Whisky,96,Scotland,Speyside,220,43,21,Macallan,01-01-1995 00:00:00
George T. Stagg Kentucky Straight Bourbon Whiskey,96,USA,Bourbon,70,45,,George T. Stagg,01-01-1995 00:00:00
Parker's Heritage Collection 10 Year Old Wheated Bourbon,96,USA,Bourbon,80,63,10,Parker's Heritage,01-01-1995 00:00:00
Rowan's Creek Bourbon,96,USA,Bourbon,50,50.05,12,Rowan's Creek,01-01-1995 00:00:00
Woodford Reserve Master's Collection Bourbon,96,USA,Bourbon,80,46.2,,Woodford Reserve,01-01-1995 00:00:00
Lagavulin 21 Scotch,96,Scotland,Islay,300,56.5,21,Lagavulin,01-01-1995 00:00:00
Highland Park 30 Scotch,96,Scotland,Islands,365,48.1,30,Highland Park,01-01-1995 00:00:00
King Car Single Malt Whisky,96,Taiwan,Single Malt,84,46,,Kavalan,01-01-1995 00:00:00
Rye Dog Whiskey,96,USA,Rye,65,50,0,Delaware Phoenix,01-01-1995 00:00:00
Thirteenth Colony Southern Corn Whiskey,96,USA,Corn,30,47.5,,Thirteen Colony,01-01-1995 00:00:00
Glenfiddich 12 Year Old Single Malt Scotch,96,Scotland,Speyside,43,40,12,Glenfiddich,01-01-1995 00:00:00
Oban 15 Year Old Single Malt Scotch,96,Scotland,Highlands,89,43,15,Oban,01-01-1995 00:00:00
Old Pulteney 30 Year Old Single Malt Scotch,96,Scotland,Highlands,400,44,30,Old Pulteney,01-01-1995 00:00:00
Tomatin 18 Year Old Single Malt Scotch,96,Scotland,Speyside,62,46,18,Tomatin,01-01-1995 00:00:00
Glengoyne 17 Year Old Single Malt Scotch,96,Scotland,Highlands,73,43,17,Glengoyne,01-01-1995 00:00:00
Aberfeldy 12 Year Old Single Malt Scotch,96,Scotland,Highlands,30,40,12,Aberfeldy,01-01-1995 00:00:00
Buchanan's 18 Year Old Special Reserve Scotch,96,Scotland,Blended,79,43,18,Buchanan,01-01-1995 00:00:00
Bunnahabhain 12 Year Old Single Malt Scotch,96,Scotland,Islay,43,46.3,12,Bunnahabhain,01-01-1995 00:00:00
Buchanan's Master Blended Scotch,96,Scotland,Blended,54,40,,Buchanan,01-01-1995 00:00:00
Lagavulin 12 Year Old Single Malt Scotch,96,Scotland,Islay,90,57.8,12,Lagavulin,01-01-1995 00:00:00
Tomatin 15 Year Old Single Malt Scotch,96,Scotland,Speyside,48,43,15,Tomatin,01-01-1995 00:00:00
Glenmorangie 25 Year Old Single Malt Scotch,96,Scotland,Highlands,580,43,25,Glenmorangie,01-01-1995 00:00:00
Haig Supreme Blended Scotch,96,Scotland,Blended,25,40,,Haig,01-01-1995 00:00:00
Kingdom 12 Year Old Scotch,96,Scotland,Blended,30,40,12,Kingdom,01-01-1995 00:00:00
William Larue Weller Bourbon,96,USA,Bourbon,65,65,,William Larue Weller,01-01-1995 00:00:00
Redbreast 12 Year Old Irish Whiskey,96,Ireland,Pure Pot Still,40,40,12,Redbreast,01-01-1995 00:00:00
Glenlivet Nadurra 16 Year Old Cask Strength Single Malt Scotch Whisky,96,Scotland,Speyside,65,48,16,Glenlivet,01-01-1995 00:00:00
Chivas Regal 18 Year Old Blended Scotch Whisky,96,Scotland,Blended,64,40,18,Chivas Regal,01-01-1995 00:00:00
Hudson Baby Bourbon,96,USA,Bourbon,40,46,,Hudson,01-01-1995 00:00:00
Glenlivet 21 Year Old Single Malt Scotch,97,Scotland,Speyside,123,40,21,Glenlivet,01-01-1995 00:00:00
Powers 12 Year Old Irish Whiskey,99,Ireland,Blended,35,40,12,Powers,01-01-1995 00:00:00
Suntory The Yamazaki 18 Year Old Single Malt Whiskey,99,Japan,Single Malt,120,43,18,Suntory,01-01-1995 00:00:00
Glenmorangie 10 Year Old Single Malt Scotch Whisky,99,Scotland,Highlands,42,40,10,Glenmorangie,01-01-1995 00:00:00
Glenmorangie Single Malt Scotch,99,Scotland,Highlands,80,46,10,Glenmorangie,01-01-1995 00:00:00
Bunnahabhain 18 Year Old Single Malt Scotch,99,Scotland,Islay,92,46.3,18,Bunnahabhain,01-01-1995 00:00:00
Laphroaig 18 Year Old Single Malt Scotch,99,Scotland,Islay,107,48,18,Laphroaig,01-01-1995 00:00:00
Cardhu 12 Year Old Single Malt Scotch,99,Scotland,Highlands,45,40,12,Cardhu,01-01-1995 00:00:00
Aberlour 18 Year Old Single Malt Scotch,99,Scotland,Speyside,100,43,18,Aberlour,01-01-1995 00:00:00
Balvenie 14 Year Old Single Malt Scotch,99,Scotland,Speyside,60,43,14,Balvenie,01-01-1995 00:00:00
Caol Ila Single Malt Scotch Distillers Edition,99,Scotland,Islay,70,43,,Caol Ila,01-01-1995 00:00:00
Kingdom 17 Year Old Scotch,99,Scotland,Blended,50,40,17,Kingdom,01-01-1995 00:00:00
Balvenie 12 Year Old Doublewood Single Malt Scotch,99,Scotland,Speyside,45,40,12,Balvenie,01-01-1995 00:00:00
Glen Garioch Founders Reserve Scotch,99,Scotland,Highlands,45,48,,Glen Garioch,01-01-1995 00:00:00
Bowmore 15 Year Old Single Malt Scotch,99,Scotland,Islay,70,43,15,Bowmore,01-01-1995 00:00:00
Rebel Yell Kentucky Straight Bourbon Whiskey,99,USA,Bourbon,11,40,,Rebel Yell,01-01-1995 00:00:00
Pappy Van Winkle 15 Year Old Family Reserve Whiskey,99,USA,Bourbon,58,53.5,15,Pappy Van Winkle,01-01-1995 00:00:00
Thomas H. Handy Kentucky Straight Rye Whiskey,99,USA,Rye,67,66.4,6,Thomas H. Handy,01-01-1995 00:00:00
Ardbeg Uigeadail,99,Scotland,Islay,80,54.2,,Ardbeg,01-01-1995 00:00:00
Noah's Mill Bourbon,99,USA,Bourbon,60,57.15,,Noah's Mill,01-01-1995 00:00:00
Parker's Heritage Bourbon,99,USA,Bourbon,80,62,15,Parker's Heritage,01-01-1995 00:00:00
Tyrconnell 10 Year Old Single Malt Madeira Cask Finish Irish Whiskey,100,Ireland,Single Malt,72,46,10,Tyrconnell,01-01-1995 00:00:00
Dalmore 18 Year Old Single Highland Malt Scotch Whisky,100,Scotland,Highlands,165,43,18,Dalmore,01-01-1995 00:00:00
Suntory Whiskey Hibiki,,Japan,Blended,92,43,12,Suntory,01-01-1995 00:00:00
McAdams Canadian Whisky,,Canada,Blended,8,,,McAdams,01-01-1995 00:00:00
Texas Crown Club Canadian Whisky,,Canada,Blended,22,,4,Texas Crown,01-01-1995 00:00:00
Bunnahabhain 25,,Scotland,Islay,292,46.3,25,Bunnahabhain,01-01-1995 00:00:00
Glenlivet 18 Year Old Single Malt Scotch,,Scotland,Speyside,69,57,18,Glenlivet,01-01-1995 00:00:00
Bell's Scotch Whisky,,Scotland,Blended,,43,,Bell's,01-01-1995 00:00:00
Glengoyne 10 Year Old Single Malt Scotch,,Scotland,Highlands,,,10,Glengoyne,01-01-1995 00:00:00
The Tweeddale Blend,,Scotland,Blended,30,46,12,Tweeddale,01-01-1995 00:00:00
A.H. Hirsch Finest Reserve 20 Bourbon,,USA,Bourbon,280,45,16,A.H. Hirsch,01-01-1995 00:00:00
Elijah Craig 18 Year Bourbon,,USA,Bourbon,40,45,18,Elijah Craig,01-01-1995 00:00:00
Kavalan Solist Vinho Single Malt Whisky,,Taiwan,Single Malt,100,59.2,,Kavalan,01-01-1995 00:00:00
Knob Creek,,USA,Bourbon,40,45,18,Knob Creek,01-01-1995 00:00:00
